{"NATGASUSDT": 1775795703.080081, "GTCUSDT": 1775795703.080081}